epoch,learning_rate,train_loss,train_data_loss,train_regularization_loss,train_accuracy,test_loss,test_data_loss,test_regularization_loss,test_accuracy,test_f1_score,mean_gradient_norm,mean_mistake_signal,velocity_norm,clipped_batches,parameter_l2_norm,is_best
1,0.12,0.5242031750169708,0.523474228683799,0.0007289463331718165,0.8011111111111111,0.5321685145960032,0.5314395682628315,0.0007289463331718165,0.7933333333333333,0.8037974683544303,3.8922095541143107,0.3953660918983077,0.04278524601865422,36,2.7902365076230966,True
2,0.11822660098522168,0.43814909653767004,0.43685346083928944,0.0012956356983805804,0.8333333333333334,0.44076355890787444,0.43946792320949385,0.0012956356983805804,0.8333333333333334,0.8387096774193549,3.7479163971398357,0.3126543909064612,0.043764847928571084,33,3.754234572488737,True
3,0.11650485436893203,0.3853665642618827,0.3834911059588324,0.001875458303050328,0.8433333333333334,0.3807137337202815,0.3788382754172312,0.001875458303050328,0.86,0.8627450980392156,4.123809984782199,0.2645054814707473,0.03856897829794066,35,4.526893630173215,True
4,0.11483253588516747,0.34264506425365,0.3402617922097177,0.002383272043932314,0.8811111111111111,0.33672987490646683,0.33434660286253454,0.002383272043932314,0.8933333333333333,0.8999999999999999,4.660000338043241,0.2350549634262418,0.027719296564510536,34,5.160257761206529,True
5,0.11320754716981131,0.30574451202597563,0.30277602741919923,0.0029684846067764056,0.8888888888888888,0.29715449340531,0.2941860087985336,0.0029684846067764056,0.9,0.9074074074074074,4.35420127890631,0.2118535787997834,0.030243616769719265,34,5.7772887160819835,True
6,0.11162790697674418,0.2713606368472468,0.2677164663683541,0.0036441704788926963,0.9011111111111111,0.26085224035967003,0.2572080698807773,0.0036441704788926963,0.92,0.9235668789808917,4.076577110632878,0.1894645210456964,0.027361854835772942,32,6.405260956483031,True
7,0.11009174311926605,0.2494433030645714,0.2452099665551638,0.004233336509407591,0.9422222222222222,0.2372039436829802,0.2329706071735726,0.004233336509407591,0.9633333333333334,0.9636963696369638,4.46304680436124,0.16756765839157015,0.036267099363772856,35,6.898752185947076,True
8,0.1085972850678733,0.22769523226556188,0.2229268444463141,0.004768387819247765,0.9488888888888889,0.21603844208345355,0.21127005426420578,0.004768387819247765,0.96,0.9607843137254902,4.855833020534344,0.15661701439316975,0.035773762210510825,34,7.3402574961652025,True
9,0.10714285714285712,0.2155651687809075,0.21034205757008734,0.0052231112108201624,0.9444444444444444,0.2017840764526514,0.19656096524183123,0.0052231112108201624,0.9666666666666667,0.9668874172185431,5.059926515327795,0.1438457428577103,0.023327190184196486,35,7.678928545749724,True
10,0.10572687224669602,0.20307381782933517,0.19740192253181174,0.005671895297523422,0.9522222222222222,0.189392684799609,0.18372078950208556,0.005671895297523422,0.96,0.9602649006622516,5.17891442014745,0.13536370727937197,0.011226017278182666,34,8.002306162208965,True
11,0.10434782608695653,0.19775749337737958,0.19174986500296273,0.006007628374416849,0.9522222222222222,0.18576591733658582,0.17975828896216897,0.006007628374416849,0.95,0.952076677316294,5.1964281008506275,0.127329339517426,0.020370311846345045,35,8.274569252948885,True
12,0.10300429184549356,0.18795869289115089,0.18153973767303075,0.006418955218120129,0.9622222222222222,0.17493648828758238,0.16851753306946224,0.006418955218120129,0.9666666666666667,0.9668874172185431,5.042158902411835,0.12204962027012296,0.0239953740900324,34,8.529074906695095,True
13,0.1016949152542373,0.17700847735985817,0.17018850350543574,0.006819973854422421,0.9666666666666667,0.16455150363916424,0.1577315297847418,0.006819973854422421,0.9666666666666667,0.9673202614379085,4.648618300368956,0.11645366679794322,0.03248625690007153,34,8.796478353348363,True
14,0.10041841004184099,0.17506335352601074,0.1678831377727757,0.007180215753235045,0.9611111111111111,0.16142299170100627,0.15424277594777122,0.007180215753235045,0.9666666666666667,0.9666666666666667,4.947109549012721,0.11161118334623792,0.0175297254239486,34,9.025956240878877,True
15,0.09917355371900827,0.16536979326516643,0.15784179765160375,0.007527995613562678,0.97,0.15383620838305442,0.14630821276949174,0.007527995613562678,0.97,0.9706840390879479,5.0000335548607415,0.1081933203216825,0.02517687928449054,34,9.247473051321295,True
16,0.09795918367346938,0.16494712034903375,0.1570943075601516,0.007852812788882134,0.9566666666666667,0.1540779574913714,0.14622514470248926,0.007852812788882134,0.9533333333333334,0.9548387096774195,4.77076081875808,0.10329671780565042,0.017744943614381236,34,9.45795804276786,False
17,0.0967741935483871,0.1577296542772334,0.14954248939078932,0.008187164886444092,0.9611111111111111,0.14690450662861898,0.1387173417421749,0.008187164886444092,0.9633333333333334,0.9639344262295082,5.450401166556917,0.09926917430654966,0.010544794375184487,35,9.633568309434434,True
18,0.09561752988047809,0.1522015377987055,0.14377214587847836,0.008429391920227134,0.9733333333333334,0.14183501092444706,0.13340561900421993,0.008429391920227134,0.97,0.9704918032786887,5.450479536921939,0.09735258151660783,0.02513511803185708,37,9.78937736392616,True
19,0.09448818897637795,0.15007821923243964,0.14135919942802203,0.008719019804417596,0.9744444444444444,0.14033016851721708,0.13161114871279947,0.008719019804417596,0.9666666666666667,0.9675324675324676,5.344295772711777,0.09457900476459889,0.02338618910390097,32,9.960694723554896,True
20,0.0933852140077821,0.14731361699049247,0.13833773408853003,0.008975882901962433,0.97,0.13709106239446597,0.12811517949250353,0.008975882901962433,0.97,0.9704918032786887,5.585538509754355,0.09256190401095325,0.017911478601768782,34,10.10892797057772,True
21,0.0923076923076923,0.14558322493378972,0.13630460393681842,0.009278620996971312,0.9633333333333334,0.13502393871300172,0.1257453177160304,0.009278620996971312,0.9633333333333334,0.9634551495016612,5.452808676923715,0.09058509952038103,0.026947421411443996,36,10.256091177435142,True
22,0.09125475285171103,0.14107023291533044,0.1316137041823017,0.009456528733028751,0.9711111111111111,0.13186918969097952,0.12241266095795077,0.009456528733028751,0.9633333333333334,0.9641693811074918,6.03380679699675,0.09012031688449001,0.01742950528820767,35,10.370532403975018,True
23,0.09022556390977443,0.14182286901276753,0.13207934044992478,0.00974352856284276,0.9566666666666667,0.12971923631808663,0.11997570775524385,0.00974352856284276,0.9633333333333334,0.9632107023411371,5.168202612973484,0.08514346669290904,0.02199610354697331,36,10.508278637119673,True
24,0.08921933085501858,0.1376410572057643,0.12769840883727232,0.009942648368491996,0.9622222222222222,0.12655987357285672,0.11661722520436472,0.009942648368491996,0.97,0.9702970297029702,5.997081511249299,0.08509150290642441,0.02863128719399279,37,10.621669244669068,True
25,0.08823529411764706,0.13568337046463902,0.1255582995112738,0.010125070953365204,0.9722222222222222,0.1265687613361322,0.116443690382767,0.010125070953365204,0.9666666666666667,0.9673202614379085,6.01177592632268,0.08487637240397035,0.021022667200506506,37,10.72519667169789,False
26,0.08727272727272727,0.13768942949234853,0.1273234224457201,0.010366007046628422,0.9544444444444444,0.12633369093198346,0.11596768388535504,0.010366007046628422,0.97,0.9700996677740864,5.835629041249412,0.08141257102681464,0.019464117752213413,36,10.837280224586086,False
27,0.08633093525179855,0.13213089985883084,0.12157842899218871,0.010552470866642133,0.9677777777777777,0.1213702466675354,0.11081777580089328,0.010552470866642133,0.9733333333333334,0.9735099337748344,5.497460884729638,0.08065959706285668,0.016153086621615888,35,10.945061847663117,True
28,0.08540925266903913,0.13198569481789263,0.12127375422767712,0.010711940590215492,0.9744444444444444,0.12341786968123568,0.11270592909102019,0.010711940590215492,0.9666666666666667,0.9675324675324676,5.7041482277508155,0.07954761209125413,0.02122526118081341,35,11.046776544171816,False
29,0.08450704225352113,0.13003326897614745,0.11911062768546316,0.010922641290684296,0.9711111111111111,0.12122191668206321,0.11029927539137892,0.010922641290684296,0.9733333333333334,0.9736842105263157,6.038165901340089,0.07895808494878155,0.01657788869920226,34,11.146456399878302,False
30,0.08362369337979093,0.12626970178501792,0.11511852985486981,0.01115117193014812,0.9744444444444444,0.11838724256341332,0.10723607063326521,0.01115117193014812,0.97,0.9706840390879479,5.517201431597765,0.07698740321782523,0.021833357353412554,31,11.258708748041949,True
31,0.08275862068965517,0.12885940462783768,0.11746636215925493,0.011393042468582758,0.9622222222222222,0.11717223088252632,0.10577918841394356,0.011393042468582758,0.97,0.9698996655518394,5.219504262598444,0.0754321409658601,0.012904603745152544,34,11.36069584985888,True
32,0.08191126279863482,0.12328511670703951,0.11171902709710835,0.01156608960993116,0.9688888888888889,0.11456184423994786,0.1029957546300167,0.01156608960993116,0.97,0.9704918032786887,5.481573126879951,0.07400629441388325,0.020324216686123563,37,11.455348683059425,True
33,0.08108108108108109,0.12411123073268931,0.11241072529551877,0.011700505437170551,0.9766666666666667,0.1169547717156193,0.10525426627844875,0.011700505437170551,0.9666666666666667,0.9675324675324676,6.019361399868183,0.07524396945122115,0.011673672261003255,33,11.537540735461697,False
34,0.08026755852842808,0.12141840695264568,0.10951486473773776,0.011903542214907912,0.9755555555555555,0.11374671988081558,0.10184317766590767,0.011903542214907912,0.97,0.9706840390879479,5.794357177277153,0.0729089034596648,0.011726063148469338,36,11.625870169549943,True
35,0.07947019867549669,0.12369932775639976,0.11159880648477945,0.012100521271620318,0.9677777777777777,0.11270174295722712,0.10060122168560681,0.012100521271620318,0.9833333333333333,0.9834983498349835,5.042286889763529,0.07144539435903643,0.020207969387711012,32,11.716494378464256,True
36,0.07868852459016394,0.12332560955796548,0.11104796801997795,0.012277641537987534,0.9666666666666667,0.11728725230099026,0.10500961076300272,0.012277641537987534,0.97,0.9706840390879479,5.10169536010004,0.0704890897791749,0.014812632131597376,29,11.811181172571057,False
37,0.07792207792207792,0.1191050732360502,0.10666699449246858,0.012438078743581622,0.9733333333333334,0.11121998725277689,0.09878190850919527,0.012438078743581622,0.9733333333333334,0.9738562091503268,5.791246071123061,0.07045933217366226,0.008544513130987261,34,11.88475039528164,True
38,0.07717041800643087,0.1168533357802924,0.1042412633713264,0.012612072408965998,0.9744444444444444,0.10943613446933759,0.09682406206037159,0.012612072408965998,0.9733333333333334,0.9738562091503268,5.596703124029292,0.06954809605077295,0.013381206355212819,33,11.961204507427306,True
39,0.07643312101910829,0.11971854081929112,0.10687804119538764,0.012840499623903476,0.9611111111111111,0.10945515481363666,0.09661465518973318,0.012840499623903476,0.97,0.9700996677740864,4.846236950621642,0.06727180639033997,0.018461880102073648,31,12.050553130015498,False
40,0.07570977917981073,0.11525376011852095,0.10228014252762103,0.012973617590899917,0.9733333333333334,0.10809885366303469,0.09512523607213477,0.012973617590899917,0.9733333333333334,0.9738562091503268,5.623087362515001,0.06802714483676944,0.026379254257805723,33,12.126302979825333,True
41,0.075,0.123655547052832,0.11055953272670746,0.01309601432612453,0.9677777777777777,0.11649243388249898,0.10339641955637445,0.01309601432612453,0.9633333333333334,0.9644012944983819,5.074871130789064,0.06696249842355727,0.021335698114450533,33,12.197587787975198,False
42,0.07430340557275542,0.11597866607749893,0.10269047855753964,0.013288187519959289,0.9666666666666667,0.10643955222354262,0.09315136470358333,0.013288187519959289,0.98,0.9801324503311258,6.5997337279462895,0.06891161491763556,0.014657031039474478,34,12.261428831701581,True
43,0.0736196319018405,0.11287626185343401,0.0994415228215737,0.013434739031860307,0.9733333333333334,0.10597388767823743,0.09253914864637712,0.013434739031860307,0.97,0.9706840390879479,4.977417535993351,0.06548164462700709,0.014186514040402814,31,12.33714318936931,False
44,0.0729483282674772,0.1154449524003658,0.10188822011514267,0.013556732285223121,0.9722222222222222,0.10668566671570438,0.09312893443048126,0.013556732285223121,0.9733333333333334,0.9738562091503268,5.873368409761906,0.0651914424815159,0.02398439315204908,34,12.398449793321948,False
45,0.07228915662650602,0.11209857152124555,0.09837430670584335,0.013724264815402197,0.9744444444444444,0.10485718384138937,0.09113291902598718,0.013724264815402197,0.97,0.9704918032786887,5.845970249217144,0.06474850435170786,0.018340797163621577,33,12.46399630232485,True
46,0.07164179104477612,0.11140466385519826,0.09752917204181301,0.013875491813385259,0.9711111111111111,0.1026275472222711,0.08875205540888585,0.013875491813385259,0.98,0.9802631578947368,5.426769421579351,0.06395674089315934,0.008635984297122336,36,12.526435140095964,True
47,0.07100591715976332,0.11241045023949615,0.09839435718921992,0.01401609305027624,0.9677777777777777,0.10305202842230844,0.08903593537203221,0.01401609305027624,0.9833333333333333,0.983388704318937,6.224207188532833,0.06350000270238201,0.020190212231203833,34,12.58917926491839,False
48,0.07038123167155425,0.11344975049922602,0.09929848839652929,0.014151262102696734,0.9644444444444444,0.10431531351670463,0.09016405141400789,0.014151262102696734,0.9833333333333333,0.983388704318937,5.302191478131804,0.061518508768772746,0.013349019176478146,33,12.650576807957478,False
49,0.06976744186046512,0.10981124168704127,0.09554646825674357,0.014264773430297709,0.9733333333333334,0.10400651977859939,0.08974174634830168,0.014264773430297709,0.9733333333333334,0.9738562091503268,5.384880632254761,0.06160973330077064,0.02524073483154119,31,12.712841688049208,False
50,0.069164265129683,0.10850521118326659,0.09411243510348923,0.014392776079777354,0.9766666666666667,0.10315383442427403,0.08876105834449668,0.014392776079777354,0.9733333333333334,0.9738562091503268,5.740240010179383,0.06222847959426493,0.012192509137010938,32,12.771739978735283,False
51,0.06857142857142857,0.10831208981291307,0.09375085577794061,0.014561234034972455,0.9755555555555555,0.101398852059284,0.08683761802431154,0.014561234034972455,0.9766666666666667,0.9768976897689768,5.221610582966982,0.060685452304515476,0.02004630278318225,34,12.835041448987576,True
52,0.06798866855524079,0.1072404933008504,0.09259284833033529,0.014647644970515118,0.9777777777777777,0.10090666387487227,0.08625901890435715,0.014647644970515118,0.9766666666666667,0.9770491803278689,6.133017003906475,0.06291986707700295,0.005479691968649818,35,12.884039525171673,False
53,0.06741573033707865,0.10628266494160578,0.09148845022096593,0.014794214720639855,0.9777777777777777,0.0994976079952798,0.08470339327463995,0.014794214720639855,0.98,0.9802631578947368,5.569766796412142,0.06023168747598385,0.019216975195709283,33,12.941993876310601,True
54,0.06685236768802229,0.10663585964326464,0.09174749440449118,0.014888365238773455,0.9766666666666667,0.09991254596570458,0.08502418072693112,0.014888365238773455,0.9766666666666667,0.9770491803278689,5.791391197183428,0.0600254419660262,0.01849140450595233,36,12.990723345855267,False
55,0.06629834254143646,0.10554859220814382,0.09054531796357596,0.015003274244567858,0.9766666666666667,0.09914193719991062,0.08413866295534275,0.015003274244567858,0.9733333333333334,0.9738562091503268,6.1316070870827994,0.06034448552498242,0.018735701211848477,34,13.038202047230678,False
56,0.06575342465753424,0.10611482179366855,0.09100709185658377,0.015107729937084768,0.9833333333333333,0.10050466855008014,0.08539693861299537,0.015107729937084768,0.9733333333333334,0.9738562091503268,6.408578233659707,0.05997795861177584,0.013598322154777914,34,13.090388074069512,False
57,0.06521739130434782,0.10489012405413346,0.08965028672107905,0.015239837333054411,0.9788888888888889,0.09941085886736667,0.08417102153431226,0.015239837333054411,0.9733333333333334,0.9738562091503268,5.849817975668727,0.05940232962824313,0.024440205155900948,35,13.140664887019094,False
58,0.0646900269541779,0.10513912752142178,0.08979681058946304,0.015342316931958736,0.9744444444444444,0.09912835245306945,0.0837860355211107,0.015342316931958736,0.9733333333333334,0.9738562091503268,5.774177548545996,0.05846501842489096,0.01001596342512951,36,13.185225099713842,False
59,0.0641711229946524,0.10849593878664116,0.09306595988168335,0.015429978904957802,0.9722222222222222,0.10359468728487414,0.08816470837991634,0.015429978904957802,0.97,0.9706840390879479,5.811591499664524,0.05773603535733278,0.02223507322567338,34,13.23361778293468,False
60,0.0636604774535809,0.103340504865314,0.08779035156353142,0.015550153301782582,0.9777777777777777,0.09838129644020756,0.08283114313842498,0.015550153301782582,0.9733333333333334,0.9738562091503268,6.328814620378441,0.058969347410136305,0.019675739807331644,34,13.276905436655142,True
61,0.06315789473684211,0.10231226937149945,0.08664359566428363,0.01566867370721582,0.9833333333333333,0.09677701065771398,0.08110833695049816,0.01566867370721582,0.9733333333333334,0.9738562091503268,5.646553759401893,0.05818472921052072,0.016930919449900026,32,13.32664715087149,True
62,0.06266318537859007,0.10287485870740101,0.08707566630419561,0.015799192403205403,0.9788888888888889,0.09693577559581065,0.08113658319260525,0.015799192403205403,0.9766666666666667,0.9770491803278689,5.372628578478135,0.056979040029550204,0.022785963527756727,31,13.376034120213362,False
63,0.06217616580310881,0.10112819333210918,0.085219447864921,0.015908745467188186,0.9788888888888889,0.09383005801111544,0.07792131254392724,0.015908745467188186,0.98,0.9802631578947368,5.8281729349773315,0.05696682025069929,0.018839963298243802,34,13.419061813388625,True
64,0.06169665809768638,0.10233691584870891,0.08630784364728923,0.01602907220141968,0.9733333333333334,0.09300428727524475,0.07697521507382507,0.01602907220141968,0.9833333333333333,0.9834983498349835,5.086745999693151,0.055920701479456776,0.01247465885746144,30,13.467343871158713,True
65,0.061224489795918366,0.10071884294516427,0.08462905237514973,0.01608979057001454,0.9811111111111112,0.09530669834584306,0.07921690777582852,0.01608979057001454,0.9766666666666667,0.9770491803278689,5.987635225863935,0.05649764787902495,0.008597014128731675,35,13.507120856633419,False
66,0.060759493670886074,0.10171810753637954,0.0855317749028055,0.01618633263357404,0.9777777777777777,0.09670816007455761,0.08052182744098357,0.01618633263357404,0.9733333333333334,0.9738562091503268,5.622070748575517,0.05561726930706042,0.014675438496884703,32,13.548267940489861,False
67,0.06030150753768844,0.10128178114388216,0.08494611439370629,0.01633566675017586,0.9733333333333334,0.09214011378300885,0.07580444703283298,0.01633566675017586,0.9866666666666667,0.9867549668874172,5.830533960470615,0.05552466967015814,0.017051551311219045,30,13.592837559881184,True
68,0.059850374064837904,0.09901056869042292,0.08259480005615763,0.016415768634265294,0.98,0.09086434254721654,0.07444857391295125,0.016415768634265294,0.9833333333333333,0.9834983498349835,5.9457525435208165,0.055771013536071674,0.01393931401554536,34,13.631857037798806,True
69,0.0594059405940594,0.1007919409024786,0.0842879140230785,0.016504026879400103,0.9766666666666667,0.09562744999893852,0.07912342311953842,0.016504026879400103,0.97,0.9706840390879479,5.264213430478226,0.05387227216207571,0.0070396407858380645,32,13.679200710115799,False
70,0.05896805896805896,0.09877945109440366,0.08215121961318574,0.01662823148121792,0.9788888888888889,0.09057873206181628,0.07395050058059836,0.01662823148121792,0.9833333333333333,0.9834983498349835,6.009607451521494,0.054262016947828444,0.008840423730134762,38,13.72025011473179,False
71,0.05853658536585366,0.09764938813028706,0.08092370010187994,0.01672568802840712,0.9833333333333333,0.09004570754887511,0.07332001952046799,0.01672568802840712,0.98,0.9802631578947368,6.4378217034480585,0.055650607396485606,0.019513656117562866,35,13.757876071798472,True
72,0.05811138014527845,0.09831467598137636,0.08149594005732277,0.016818735924053592,0.9811111111111112,0.0922010456190259,0.0753823096949723,0.016818735924053592,0.9766666666666667,0.9770491803278689,5.108919944190091,0.053129144713191134,0.011597882480361381,33,13.798825320613965,False
73,0.05769230769230769,0.09738229695831888,0.08044366333955018,0.016938633618768704,0.9822222222222222,0.09019591174053293,0.07325727812176423,0.016938633618768704,0.98,0.9802631578947368,5.104423251317591,0.053444025315790546,0.010864062417919705,31,13.841557337024588,False
74,0.057279236276849645,0.09652809723949496,0.07949918867847061,0.017028908561024347,0.9822222222222222,0.08894578352120734,0.071916874960183,0.017028908561024347,0.98,0.9802631578947368,5.758814951956384,0.05335035693285237,0.010289754566704676,35,13.879989167663654,True
75,0.05687203791469195,0.09798154519533231,0.08088224575820045,0.01709929943713185,0.9855555555555555,0.09220336539380292,0.07510406595667106,0.01709929943713185,0.9766666666666667,0.9771986970684039,5.453619635595963,0.053415838523976064,0.013345949987484352,30,13.921079923559695,False
76,0.05647058823529411,0.09790225123703918,0.08071184836085486,0.01719040287618431,0.9844444444444445,0.09213208958194892,0.0749416867057646,0.01719040287618431,0.9766666666666667,0.9771986970684039,5.98190309768454,0.053731794914964826,0.020260441612974064,35,13.95838314596542,False
77,0.05607476635514019,0.0957803517496284,0.07845911809786933,0.01732123365175907,0.9777777777777777,0.08821097412895217,0.0708897404771931,0.01732123365175907,0.98,0.9802631578947368,6.2257091889215745,0.05274349395933149,0.011502366761434854,33,13.995954574656048,True
78,0.0556844547563805,0.09523408159381813,0.07782934836424261,0.017404733229575524,0.9833333333333333,0.08821509400041191,0.0708103607708364,0.017404733229575524,0.98,0.9802631578947368,6.0256691425671685,0.051941276136377536,0.015593974441396244,35,14.03342474398077,False
79,0.05529953917050691,0.09615821337351342,0.07867386882692001,0.017484344546593412,0.9822222222222222,0.09127259751363904,0.07378825296704564,0.017484344546593412,0.9766666666666667,0.9770491803278689,5.785496508970499,0.05195097690567091,0.014603873426780916,34,14.069584128576034,False
80,0.05491990846681922,0.09774721956917107,0.08012952737078409,0.01761769219838697,0.9722222222222222,0.08855601135745325,0.07093831915906627,0.01761769219838697,0.9766666666666667,0.9767441860465117,5.977070019835937,0.051093568942974926,0.016329099798105838,32,14.103503967519156,False
81,0.054545454545454536,0.0945716348918991,0.07688910951464693,0.017682525377252165,0.9822222222222222,0.08787885862274881,0.07019633324549665,0.017682525377252165,0.98,0.9802631578947368,6.093102829354969,0.051495523133714215,0.014782382512073802,31,14.138716299252932,False
82,0.05417607223476298,0.09457834570006461,0.0768031117343735,0.01777523396569111,0.9822222222222222,0.08862489940230146,0.07084966543661035,0.01777523396569111,0.98,0.9802631578947368,5.390502203844592,0.05012283965044842,0.013095096606144095,34,14.174282609771819,False
83,0.05381165919282511,0.0938402127799893,0.07598398579642769,0.017856226983561603,0.9855555555555555,0.08797560559413253,0.07011937861057094,0.017856226983561603,0.98,0.9802631578947368,5.947172156718144,0.05033202999330143,0.01568903103808505,34,14.208456216023706,False
84,0.05345211581291759,0.0937557474766378,0.07578244549566054,0.01797330198097725,0.98,0.08566918284193656,0.0676958808609593,0.01797330198097725,0.98,0.9802631578947368,5.196831783354089,0.050490075092417035,0.005532386579759865,32,14.243388795419236,True
85,0.05309734513274337,0.09505602842867317,0.07701454808590928,0.01804148034276389,0.98,0.08946184696669963,0.07142036662393575,0.01804148034276389,0.98,0.9802631578947368,5.085623965730967,0.04887091772042807,0.007950459021359354,30,14.280983689777322,False
86,0.05274725274725275,0.09302272830159787,0.07487797886361457,0.018144749437983308,0.9833333333333333,0.08571060890799954,0.06756585947001624,0.018144749437983308,0.9833333333333333,0.9834983498349835,6.158861867782952,0.04986988810781414,0.008562633824639152,35,14.313782760408662,False
87,0.05240174672489083,0.09339099838472414,0.07517747308086295,0.018213525303861194,0.9833333333333333,0.08808733331115948,0.06987380800729828,0.018213525303861194,0.98,0.9802631578947368,5.910112302654991,0.04981935611313211,0.01523926461779926,34,14.346570767606705,False
88,0.05206073752711497,0.09382986609946353,0.0755282312214579,0.018301634878005634,0.9844444444444445,0.0873046694693713,0.06900303459136566,0.018301634878005634,0.98,0.9803921568627451,5.607089855226814,0.04959343597945558,0.00844318988265283,33,14.379946661999542,False
89,0.05172413793103448,0.0921456329311687,0.07373337421465109,0.018412258716517606,0.9833333333333333,0.08543273006755338,0.06702047135103577,0.018412258716517606,0.98,0.9802631578947368,5.7935754620351885,0.049850087490201,0.010080374798961683,33,14.41522783506367,False
90,0.05139186295503212,0.09206481546442201,0.0735911188306535,0.01847369663376851,0.9855555555555555,0.08606291580414895,0.06758921917038044,0.01847369663376851,0.98,0.9802631578947368,5.845988338542727,0.050096457131183283,0.011239412463781163,32,14.44353237548989,False
91,0.05106382978723405,0.09196752446287595,0.0734059330035237,0.01856159145935226,0.9833333333333333,0.08595957135458643,0.06739797989523416,0.01856159145935226,0.98,0.9802631578947368,6.123523108753657,0.04939834799133539,0.003868740982092519,31,14.47685069128002,False
92,0.050739957716701894,0.09353387802939488,0.07486573888845036,0.018668139140944524,0.9777777777777777,0.08425878547450132,0.0655906463335568,0.018668139140944524,0.9866666666666667,0.9867549668874172,5.763912325630469,0.048575623048494616,0.01964432992344379,34,14.507106569587291,True
93,0.05042016806722689,0.09172222926927898,0.0729927110313461,0.018729518237932875,0.9844444444444445,0.08410087679146969,0.06537135855353682,0.018729518237932875,0.9866666666666667,0.9867549668874172,5.9769218719918715,0.04920171115556569,0.011017691322790728,34,14.534652783660452,False
94,0.050104384133611686,0.09188633209085081,0.07309025153367457,0.01879608055717625,0.9844444444444445,0.08532741100187963,0.06653133044470337,0.01879608055717625,0.9866666666666667,0.9867549668874172,5.496938316536694,0.04836945028703656,0.012983687933376632,34,14.565046774033279,False
95,0.04979253112033195,0.09258629425468508,0.0737212147811368,0.018865079473548277,0.98,0.08732693922399577,0.0684618597504475,0.018865079473548277,0.9766666666666667,0.9770491803278689,6.010240760449744,0.04831683486868014,0.007927908305468858,33,14.594469198609882,False
96,0.04948453608247423,0.09567575635808427,0.07667562097484709,0.01900013538323718,0.9733333333333334,0.08493802094244561,0.06593788555920843,0.01900013538323718,0.9833333333333333,0.9832775919732442,5.541578447355142,0.04718082936155156,0.013603889522289714,28,14.625890213504698,False
97,0.04918032786885246,0.09156469566436908,0.0724976324081731,0.01906706325619598,0.98,0.08308212542811759,0.06401506217192161,0.01906706325619598,0.9866666666666667,0.9867549668874172,5.999438222407228,0.04788332513706164,0.013004913413717413,34,14.65426251882503,True
98,0.048879837067209775,0.09070168562689372,0.07158131754008376,0.019120368086809964,0.9866666666666667,0.08407560047769189,0.06495523239088193,0.019120368086809964,0.98,0.9802631578947368,5.38503079329643,0.04810184545675777,0.010887958841175884,28,14.682174690990292,False
99,0.048582995951417005,0.09101040421597817,0.07180621465981948,0.01920418955615868,0.9833333333333333,0.08313307403619265,0.06392888448003396,0.01920418955615868,0.9866666666666667,0.9867549668874172,5.774881850003389,0.04765558555780812,0.01605638471461424,34,14.711252551598465,False
100,0.048289738430583505,0.09006962150301814,0.07079037313107317,0.01927924837194497,0.9822222222222222,0.08220479161827512,0.06292554324633015,0.01927924837194497,0.9866666666666667,0.9867549668874172,5.60027979503297,0.04794207700209727,0.004678381142184317,36,14.738215997776845,True
101,0.048,0.09177544466841936,0.07240931213837551,0.01936613253004385,0.98,0.08262720459170528,0.06326107206166143,0.01936613253004385,0.9866666666666667,0.9867549668874172,5.326652431357401,0.0463972374782533,0.007697634468026794,32,14.766253306028371,False
102,0.047713717693836984,0.0948047891996092,0.07535143577247592,0.01945335342713328,0.9744444444444444,0.08383232982064001,0.06437897639350673,0.01945335342713328,0.99,0.9900332225913622,6.277712495990208,0.04695019114683281,0.004678787217588292,35,14.791404568575638,False
103,0.04743083003952569,0.08973619649598485,0.07025401055865356,0.01948218593733129,0.9855555555555555,0.08390284747622324,0.06442066153889195,0.01948218593733129,0.98,0.9802631578947368,5.455958376924019,0.04713515380556276,0.010773539180409313,31,14.820209534988834,False
104,0.047151277013752456,0.08917165803777369,0.0695927543439943,0.019578903693779386,0.9855555555555555,0.0823294895325808,0.06275058583880141,0.019578903693779386,0.98,0.9802631578947368,5.556837378760755,0.046341478126537626,0.0119733474700443,31,14.850059878141792,False
105,0.046875,0.09112710579792366,0.07145029791348022,0.019676807884443443,0.9811111111111112,0.08218368164672148,0.06250687376227804,0.019676807884443443,0.99,0.9900332225913622,5.0464162870815334,0.04658258953778885,0.007263606415831109,32,14.880567893546894,False
106,0.04660194174757281,0.08972529746284968,0.07001941985988376,0.01970587760296593,0.9833333333333333,0.08435448530629891,0.06464860770333299,0.01970587760296593,0.98,0.9802631578947368,5.830211824345209,0.04651351178593396,0.016109479141426002,31,14.905098788436588,False
107,0.04633204633204633,0.08904959019090677,0.06927497473865292,0.01977461545225385,0.9855555555555555,0.0836348324016127,0.06386021694935884,0.01977461545225385,0.98,0.9802631578947368,5.954098215048485,0.046585826490267185,0.01133268107065113,31,14.930975489349935,False
108,0.046065259117082535,0.0898309973648583,0.06998844899232233,0.019842548372535976,0.9822222222222222,0.08431556824266119,0.06447301987012521,0.019842548372535976,0.9833333333333333,0.9836065573770492,5.492555955568736,0.04560697932646774,0.01241393895273108,32,14.956895870192309,False
109,0.045801526717557245,0.0915548307064092,0.07166427438746978,0.01989055631893942,0.9811111111111112,0.08852516813453506,0.06863461181559564,0.01989055631893942,0.98,0.9803921568627451,5.804851844338296,0.04541189501068652,0.010584250210127634,29,14.983773992852022,False
110,0.04554079696394687,0.08864926204028414,0.06864737766192178,0.020001884378362363,0.9866666666666667,0.08304438371817849,0.06304249933981612,0.020001884378362363,0.98,0.9802631578947368,5.031652673607906,0.0451863313143208,0.007885613180557274,34,15.011433466489319,False
111,0.045283018867924525,0.09004613419309683,0.06994594120657238,0.020100192986524445,0.9811111111111112,0.0813560974660904,0.061255904479565956,0.020100192986524445,0.9866666666666667,0.9867549668874172,5.691296838808844,0.045793184967070175,0.008629778929666865,29,15.037261494903762,True
112,0.0450281425891182,0.08837479146346972,0.06823651877876186,0.02013827268470786,0.9855555555555555,0.08214722534947069,0.06200895266476283,0.02013827268470786,0.98,0.9802631578947368,5.3631919187099895,0.04534521128488455,0.009591005573640416,32,15.061280507262751,False
113,0.04477611940298508,0.08883712412271422,0.06861043998979416,0.020226684132920055,0.9855555555555555,0.08110419517218202,0.06087751103926197,0.020226684132920055,0.9833333333333333,0.9834983498349835,5.151694745172736,0.044525640033884116,0.012221327740522129,33,15.089575985193136,False
114,0.04452690166975881,0.08861424420642793,0.0683402528164639,0.020273991389964025,0.9844444444444445,0.08329291799607241,0.06301892660610839,0.020273991389964025,0.98,0.9802631578947368,5.37427423394702,0.044733767911134044,0.009952258325214814,31,15.11350247177555,False
115,0.04428044280442804,0.08800511213088946,0.06765636877082602,0.020348743360063443,0.9855555555555555,0.08266364634646743,0.062314902986403985,0.020348743360063443,0.98,0.9802631578947368,5.121560598945428,0.0448591844920449,0.007762408470202418,31,15.140384519403991,False
116,0.044036697247706424,0.08744724527424003,0.06702006519132742,0.020427180082912617,0.9877777777777778,0.0811590181891178,0.06073183810620518,0.020427180082912617,0.98,0.9802631578947368,4.569639300459353,0.044015166685531966,0.012808800851190181,29,15.166897138279277,False
117,0.0437956204379562,0.09157108387860528,0.07109697620090509,0.020474107677700193,0.9755555555555555,0.08669245047974407,0.06621834280204388,0.020474107677700193,0.98,0.9803921568627451,5.728355248281795,0.044672567560091275,0.00525710113170293,32,15.190223891088133,False
118,0.043557168784029036,0.08803999046535574,0.06748565866996134,0.020554331795394395,0.9844444444444445,0.08236331375562526,0.061808981960230866,0.020554331795394395,0.9833333333333333,0.9836065573770492,5.786726486869902,0.04555835696150759,0.010390224154252592,31,15.215323733745588,False
119,0.04332129963898917,0.08820678210835188,0.0675465998827837,0.020660182225568178,0.9833333333333333,0.079121537737392,0.05846135551182382,0.020660182225568178,0.98,0.9801324503311258,5.444701137517136,0.04442131397930995,0.008548686545775726,34,15.238320898310503,True
120,0.04308797127468581,0.08774113578811489,0.0670409724303534,0.02070016335776149,0.9833333333333333,0.07999725537066751,0.059297092012906026,0.02070016335776149,0.99,0.99009900990099,5.969259366346748,0.04459079318490084,0.008191595548440378,32,15.261396019062953,False
121,0.04285714285714286,0.08745146220521136,0.06670077922388705,0.0207506829813243,0.9855555555555555,0.08205605616134728,0.06130537318002298,0.0207506829813243,0.9833333333333333,0.9836065573770492,4.95160649197678,0.04408171389937069,0.01460706866230458,31,15.287544622123033,False
122,0.04262877442273535,0.0876434481582398,0.06679890693976506,0.02084454121847474,0.9844444444444445,0.07941409762463272,0.05856955640615798,0.02084454121847474,0.99,0.9900332225913622,5.5634333645201774,0.04323266577452218,0.0048671060768015065,33,15.310691151763033,False
123,0.04240282685512367,0.08702087682375997,0.06613207468834413,0.02088880213541584,0.9866666666666667,0.08012675156274755,0.05923794942733171,0.02088880213541584,0.99,0.99009900990099,5.574874172677603,0.04434004368034718,0.013034049519829947,32,15.332820126544979,False
124,0.0421792618629174,0.08753824178485112,0.06656492816290806,0.020973313621943056,0.9833333333333333,0.07879999877150845,0.0578266851495654,0.020973313621943056,0.9866666666666667,0.9867549668874172,6.188278687916291,0.04466816363586383,0.022226331232264272,35,15.354535083964413,False
125,0.04195804195804196,0.08683601379480607,0.0658335221707274,0.02100249162407868,0.9844444444444445,0.08105415027129856,0.06005165864721988,0.02100249162407868,0.9866666666666667,0.9868421052631579,6.05155467643317,0.04455315790042298,0.007908409782591554,30,15.375626035089796,False
126,0.041739130434782605,0.08696338165996752,0.06590952477295411,0.0210538568870134,0.9855555555555555,0.08106387628943472,0.06001001940242132,0.0210538568870134,0.9866666666666667,0.9868421052631579,5.651134096461551,0.04304601380224486,0.01080499242097835,32,15.39628081810961,False
127,0.041522491349480974,0.08662436322763309,0.0654790479009654,0.021145315326667687,0.9844444444444445,0.07823336220732656,0.05708804688065887,0.021145315326667687,0.9833333333333333,0.9834983498349835,5.616207122275486,0.043635343279477073,0.010622684304622144,35,15.417383019472899,True
128,0.04130808950086058,0.08625198925051966,0.06506410851256848,0.021187880737951175,0.9855555555555555,0.07912304082244695,0.05793516008449577,0.021187880737951175,0.9866666666666667,0.9868421052631579,5.337003127085787,0.04301070868157176,0.00849466455562727,33,15.43960475501252,False
129,0.0410958904109589,0.08652448569955216,0.06528861120938335,0.021235874490168807,0.9833333333333333,0.08026998131685781,0.059034106826689,0.021235874490168807,0.9866666666666667,0.9868421052631579,5.5369992640972026,0.04323666975105741,0.010400312210251596,32,15.461077972477904,False
130,0.040885860306643956,0.08640039747582329,0.06509355913938134,0.02130683833644196,0.9855555555555555,0.07897418251494812,0.057667344178506164,0.02130683833644196,0.9933333333333333,0.9933774834437086,5.824915736802531,0.04331407398533733,0.007853152928042468,32,15.482898520268547,False
131,0.04067796610169491,0.08681545124336315,0.06542901381306979,0.021386437430293358,0.98,0.07829368676610865,0.05690724933581529,0.021386437430293358,0.99,0.99009900990099,5.678749118356478,0.043011560188053556,0.010330867182251735,30,15.50493252840308,False
132,0.04047217537942664,0.08598381244106965,0.06455148859425307,0.021432323846816585,0.9855555555555555,0.07914554932502671,0.057713225478210124,0.021432323846816585,0.99,0.99009900990099,5.458744470519101,0.04324091835978991,0.0065451498710347835,31,15.528414414956382,False
133,0.040268456375838924,0.0876282489996623,0.06612101174921402,0.02150723725044829,0.9822222222222222,0.07889771766726301,0.05739048041681472,0.02150723725044829,0.9933333333333333,0.9933774834437086,5.1290167573263385,0.042264875506720395,0.012616593134984956,29,15.55139922388405,False
134,0.04006677796327212,0.08586086394645634,0.06429161956244527,0.02156924438401107,0.9866666666666667,0.07774948200194771,0.05618023761793664,0.02156924438401107,0.99,0.99009900990099,5.5230818790642395,0.04238729077007706,0.005551011325773697,30,15.572726706913896,False
135,0.0398671096345515,0.08591918037672548,0.06430774396886366,0.021611436407861822,0.9877777777777778,0.08014074463830091,0.058529308230439094,0.021611436407861822,0.9866666666666667,0.9868421052631579,5.087789372645389,0.042244818998464696,0.006213581258674742,31,15.5947274174492,False
136,0.03966942148760331,0.08555467401554576,0.06387410472029915,0.0216805692952466,0.9877777777777778,0.07808606766838175,0.056405498373135146,0.0216805692952466,0.9833333333333333,0.9834983498349835,5.6667836917124035,0.04216412326654812,0.003799410876643063,34,15.612669087545829,False
137,0.039473684210526314,0.0859529603480922,0.06424651945125685,0.021706440896835346,0.9844444444444445,0.08076807282044712,0.059061631923611774,0.021706440896835346,0.9833333333333333,0.9836065573770492,5.530479005517992,0.042573831040361124,0.006385839754717981,32,15.631275764640563,False
138,0.03927986906710311,0.08556918782840509,0.06380462702187462,0.021764560806530477,0.9855555555555555,0.0799996323433245,0.05823507153679402,0.021764560806530477,0.9866666666666667,0.9868421052631579,6.011803755380389,0.04171421121903763,0.009964753935165232,33,15.649455402394706,False
139,0.03908794788273616,0.08507522281774749,0.06325168448342268,0.021823538334324814,0.9888888888888889,0.07853506789429104,0.05671152955996623,0.021823538334324814,0.9866666666666667,0.9868421052631579,5.307120878922123,0.04207581027385963,0.0072488793576068345,33,15.667103759020645,False
140,0.03889789303079416,0.0874528256349517,0.06560188943039905,0.02185093620455265,0.9822222222222222,0.08278428331501467,0.06093334711046201,0.02185093620455265,0.9833333333333333,0.9836065573770492,5.845866516093544,0.041668193274810056,0.003318245924292578,31,15.686500135875352,False
141,0.038709677419354833,0.08492392408837564,0.06298986149098178,0.021934062597393864,0.9866666666666667,0.07807243148009803,0.05613836888270416,0.021934062597393864,0.9866666666666667,0.9868421052631579,5.734100250329287,0.04204825335513899,0.008933436339924017,31,15.704886301800537,False
142,0.03852327447833066,0.08617321551085387,0.06417058062338865,0.022002634887465223,0.9844444444444445,0.07684406458297745,0.05484142969551223,0.022002634887465223,0.9933333333333333,0.9933774834437086,5.910349728330205,0.041708320144815,0.012078764246211382,33,15.72279787013368,True
143,0.038338658146964855,0.08467696263090609,0.06264780472771121,0.02202915790319487,0.9888888888888889,0.0779823389026756,0.055953180999480726,0.02202915790319487,0.9866666666666667,0.9868421052631579,6.313992721827345,0.04264327016019674,0.009394484627706218,33,15.739888201090764,False
144,0.03815580286168521,0.08478320325402344,0.06269391991891887,0.022089283335104577,0.9877777777777778,0.07834699498002147,0.05625771164491689,0.022089283335104577,0.9866666666666667,0.9868421052631579,5.745371997067901,0.041787741105709444,0.007795491845070872,33,15.760192744433873,False
145,0.03797468354430379,0.08510858563594612,0.06294730021687978,0.022161285419066347,0.9855555555555555,0.07681486142147292,0.05465357600240657,0.022161285419066347,0.9866666666666667,0.9868421052631579,5.181687276537062,0.04149591707935249,0.010006527127469193,32,15.779648944457133,False
146,0.03779527559055118,0.08454293443190042,0.062348225592968126,0.022194708838932292,0.9877777777777778,0.07778326282188142,0.05558855398294912,0.022194708838932292,0.9866666666666667,0.9868421052631579,5.241416218645206,0.04139808485116507,0.01026582786672357,35,15.798179917558414,False
147,0.03761755485893417,0.08860939213267133,0.06631632870385232,0.022293063428819003,0.9777777777777777,0.07721121121748248,0.054918147788663475,0.022293063428819003,0.9866666666666667,0.9866666666666668,5.167483101724572,0.040146670601627764,0.011770648558575734,27,15.817714724854234,False
148,0.03744149765990639,0.08487010074920665,0.06255696955202134,0.022313131197185317,0.9888888888888889,0.07808375237889781,0.055770621181712485,0.022313131197185317,0.9833333333333333,0.9834983498349835,5.9539245622863595,0.0429302158064336,0.012004873705537102,34,15.835217080390004,False
149,0.037267080745341616,0.08471321719159819,0.06235884573790844,0.02235437145368975,0.9844444444444445,0.07849687537948395,0.0561425039257942,0.02235437145368975,0.9866666666666667,0.9868421052631579,5.631470638663775,0.04156339025590958,0.004264880683017852,33,15.853777863249563,False
150,0.03709428129829984,0.08504632863691988,0.06262782664888948,0.022418501988030394,0.9855555555555555,0.07697989366357252,0.05456139167554212,0.022418501988030394,0.99,0.99009900990099,5.721236001578237,0.04072391489088588,0.003578512451592679,31,15.872576080180995,False
151,0.03692307692307692,0.08727308628215576,0.06483404516882865,0.022439041113327104,0.9788888888888889,0.0825304514053416,0.0600914102920145,0.022439041113327104,0.9833333333333333,0.9836065573770492,5.743436534421622,0.04103733314362631,0.014702618129861787,31,15.889061168602277,False
152,0.03675344563552833,0.08426436945652749,0.06174574552320251,0.022518623933324978,0.9866666666666667,0.07741588907500974,0.054897265141684755,0.022518623933324978,0.9866666666666667,0.9868421052631579,5.805479967898787,0.04121142597842751,0.005610865651018661,32,15.907623168283116,False
153,0.036585365853658534,0.0842699762793193,0.06168945810886811,0.022580518170451192,0.9877777777777778,0.07624781847577437,0.05366730030532318,0.022580518170451192,0.9866666666666667,0.9868421052631579,5.488635076232911,0.040493443465819665,0.007150081502175005,31,15.924529640583728,True
154,0.036418816388467376,0.08421977516342287,0.06160305076522968,0.022616724398193188,0.9866666666666667,0.07674156509488286,0.05412484069668968,0.022616724398193188,0.99,0.99009900990099,5.459445428391542,0.04063165713284166,0.005720292345326468,33,15.941981791204503,False
155,0.036253776435045314,0.08549864824894197,0.06285647871074151,0.022642169538200464,0.9822222222222222,0.08115259938498154,0.05851042984678107,0.022642169538200464,0.9833333333333333,0.9836065573770492,5.2132644328191375,0.04081889509926048,0.007227531041526979,32,15.960856586969761,False
156,0.03609022556390978,0.08385147949101987,0.061119445143964043,0.02273203434705582,0.9877777777777778,0.07646151198220338,0.053729477635147564,0.02273203434705582,0.9866666666666667,0.9868421052631579,5.6781653692962175,0.04052320423755021,0.009520453927061589,29,15.97883560076467,False
157,0.03592814371257485,0.08493942961759948,0.06218336052428369,0.022756069093315782,0.9822222222222222,0.07984495623224544,0.057088887138929664,0.022756069093315782,0.9866666666666667,0.9868421052631579,5.384991583815244,0.040111012699116405,0.00810288715929706,30,15.995756828356848,False
158,0.03576751117734724,0.08396938612773466,0.061126690297085444,0.022842695830649212,0.9877777777777778,0.07590194786971058,0.05305925203906137,0.022842695830649212,0.9866666666666667,0.9868421052631579,5.066705998544704,0.04001612055969186,0.011979806905100105,32,16.014182291548984,False
159,0.03560830860534124,0.0837415555329101,0.0608728422150474,0.0228687133178627,0.9866666666666667,0.07766207733815228,0.05479336402028957,0.0228687133178627,0.9866666666666667,0.9868421052631579,5.518667218456912,0.04089504566228459,0.005207875136120086,32,16.03002483027014,False
160,0.03545051698670606,0.08418130340666534,0.061280021046288116,0.022901282360377227,0.9855555555555555,0.07934653095749097,0.056445248597113744,0.022901282360377227,0.9833333333333333,0.9836065573770492,5.425471563932326,0.03985890399267156,0.007653308452278376,31,16.0468518306971,False
161,0.03529411764705882,0.08396042930689585,0.06098359684920124,0.022976832457694607,0.9866666666666667,0.07663720609853812,0.053660373640843514,0.022976832457694607,0.9866666666666667,0.9868421052631579,5.2110787907754395,0.03975580395035261,0.010334414740535215,31,16.065118828579234,False
162,0.03513909224011713,0.0833527730870362,0.060332981159361664,0.023019791927674536,0.9888888888888889,0.07681594686390548,0.053796154936230946,0.023019791927674536,0.9866666666666667,0.9868421052631579,5.929392329097433,0.04092770826372188,0.00679093057501681,34,16.08038470872993,False
163,0.03498542274052478,0.08527632744216371,0.06219747073337603,0.02307885670878768,0.9822222222222222,0.07672367145535348,0.05364481474656581,0.02307885670878768,0.99,0.99009900990099,5.74473146979061,0.04000313446923544,0.008149306822881685,32,16.09798549124616,False
164,0.03483309143686502,0.0842456997661251,0.06115145412143141,0.023094245644693697,0.9855555555555555,0.07960441722277317,0.05651017157807947,0.023094245644693697,0.9866666666666667,0.9868421052631579,5.4646042301125455,0.03974140270220598,0.0063645806613826066,31,16.11274414953763,False
165,0.03468208092485549,0.08407041070834154,0.060925707970151205,0.023144702738190335,0.9866666666666667,0.07930166821480004,0.056156965476609706,0.023144702738190335,0.9833333333333333,0.9836065573770492,5.955255769090064,0.03943617785161014,0.009930439274127336,34,16.130217632889355,False
166,0.034532374100719423,0.08366026386965844,0.06044877091554403,0.02321149295411441,0.9866666666666667,0.07709668900912207,0.05388519605500766,0.02321149295411441,0.9866666666666667,0.9868421052631579,5.238069892399047,0.04001717659133711,0.0028746687575647726,31,16.146823312400784,False
167,0.034383954154727794,0.08328658572040193,0.06003484276311911,0.023251742957282825,0.9877777777777778,0.07757673555645607,0.05432499259917325,0.023251742957282825,0.9866666666666667,0.9868421052631579,5.38215779209148,0.039378409891309016,0.008339221719529466,31,16.162144055333645,False
168,0.034236804564907276,0.08309197128999049,0.05978542706366878,0.023306544226321706,0.9888888888888889,0.07675757179002562,0.05345102756370392,0.023306544226321706,0.9866666666666667,0.9868421052631579,5.292031411939988,0.039810254536006305,0.013060189769620884,31,16.179304352819216,False
169,0.03409090909090909,0.08302075510917131,0.05966113990070359,0.02335961520846773,0.9888888888888889,0.0761910476482329,0.05283143243976516,0.02335961520846773,0.9866666666666667,0.9868421052631579,5.068933056613675,0.03949330152442925,0.010117139847896353,32,16.195454501211934,False
170,0.033946251768033946,0.08376570380825742,0.06036576894064103,0.023399934867616386,0.9855555555555555,0.07737774747400541,0.05397781260638902,0.023399934867616386,0.9866666666666667,0.9868421052631579,6.212409421217641,0.03966235781530225,0.005922321570569296,30,16.21010801900412,False
171,0.033802816901408454,0.08296147364742576,0.059522053332965535,0.023439420314460217,0.9866666666666667,0.07647366926272942,0.053034248948269205,0.023439420314460217,0.9866666666666667,0.9868421052631579,5.726827428756358,0.039242224202969106,0.004583741783826196,33,16.22328147583004,False
172,0.033660589060308554,0.08318132355981862,0.059679542464565395,0.023501781095253225,0.9855555555555555,0.07478042564828673,0.0512786445530335,0.023501781095253225,0.9866666666666667,0.9868421052631579,5.634668894045248,0.03958059102697572,0.007554419589948638,30,16.238536713551017,True
173,0.0335195530726257,0.08291093420332861,0.0593769913691287,0.02353394283419991,0.9866666666666667,0.07637068293775189,0.05283674010355197,0.02353394283419991,0.9866666666666667,0.9868421052631579,5.1942793118834505,0.039444166038227306,0.014712976636479216,29,16.254969237594963,False
174,0.03337969401947149,0.08261289139434044,0.059036926200470144,0.0235759651938703,0.9888888888888889,0.07560906084268111,0.05203309564881081,0.0235759651938703,0.9866666666666667,0.9868421052631579,4.929021690218313,0.03914562477619515,0.00480770536779006,30,16.26992077096648,False
175,0.0332409972299169,0.08298432595730726,0.05936704671011449,0.023617279247192764,0.9866666666666667,0.07653722560095802,0.052919946353765256,0.023617279247192764,0.9866666666666667,0.9868421052631579,5.289184815800499,0.038787531371716734,0.010165190083083303,34,16.285480363795592,False
176,0.03310344827586207,0.08275268683364591,0.05909017141525344,0.02366251541839247,0.9877777777777778,0.07629004635805461,0.052627530939662145,0.02366251541839247,0.9866666666666667,0.9868421052631579,6.471232354177319,0.03962847131307479,0.006640529119383554,33,16.299487983360645,False
177,0.03296703296703297,0.08408346132465383,0.06040534303303979,0.023678118291614033,0.9844444444444445,0.07977394509671262,0.056095826805098586,0.023678118291614033,0.98,0.9803921568627451,5.686105454601708,0.039739845628194055,0.013539011146033227,31,16.312235193315335,False
178,0.03283173734610123,0.08257019570110202,0.058820354614365286,0.02374984108673674,0.9866666666666667,0.07537311726314586,0.05162327617640912,0.02374984108673674,0.9866666666666667,0.9868421052631579,5.359177968985103,0.03901189863501787,0.009533582642115368,30,16.327138713965354,False
179,0.0326975476839237,0.08255922186845364,0.0587755776941094,0.02378364417434425,0.9888888888888889,0.07605956069778749,0.052275916523443246,0.02378364417434425,0.9866666666666667,0.9868421052631579,5.666815959540697,0.03883627023014168,0.003799442710796707,29,16.341239309415748,False
180,0.032564450474898234,0.08267796952804998,0.05886220741085602,0.02381576211719396,0.9888888888888889,0.0773220441071368,0.05350628198994284,0.02381576211719396,0.9866666666666667,0.9868421052631579,5.522836684513489,0.03867270715279215,0.006830231257628467,34,16.355670943295287,False
181,0.032432432432432434,0.08275295660408054,0.05887233862576113,0.023880617978319408,0.9866666666666667,0.07509811052930229,0.05121749255098289,0.023880617978319408,0.9866666666666667,0.9868421052631579,5.1336243529739445,0.038627304905575435,0.004913878653642327,28,16.370644888438477,False
182,0.03230148048452221,0.08267615788736313,0.05877163064552516,0.023904527241837965,0.9855555555555555,0.07688900071517374,0.05298447347333577,0.023904527241837965,0.9866666666666667,0.9868421052631579,5.692299134471065,0.03879698455029442,0.0070203001087329395,31,16.383561014675223,False
183,0.032171581769437,0.08266951253029928,0.0586990180610419,0.023970494469257385,0.9866666666666667,0.0750271532295004,0.051056658760243026,0.023970494469257385,0.9866666666666667,0.9868421052631579,5.398652928266222,0.03843631487303452,0.002389086224939287,34,16.39735650354774,False
184,0.032042723631508674,0.08252343089348278,0.058542449985270945,0.023980980908211838,0.9877777777777778,0.07720372116401328,0.05322274025580145,0.023980980908211838,0.9866666666666667,0.9868421052631579,5.740872720544675,0.03818649425665009,0.004403051470537148,31,16.411294846624898,False
185,0.031914893617021274,0.08602197499891825,0.06194875003516119,0.024073224963757068,0.9777777777777777,0.0749299210641325,0.05085669610037544,0.024073224963757068,0.9933333333333333,0.9933774834437086,5.135089548842646,0.038269425244316604,0.005780693002598513,30,16.427086036391508,False
186,0.031788079470198675,0.08266623158927544,0.05859941298559194,0.024066818603683506,0.9877777777777778,0.07769399689922665,0.05362717829554314,0.024066818603683506,0.9866666666666667,0.9868421052631579,5.054932088845828,0.03830156628956174,0.003625154152340113,30,16.441380162135697,False
187,0.031662269129287594,0.0829351692240025,0.058790010545691364,0.024145158678311133,0.9833333333333333,0.07410947831490587,0.04996431963659474,0.024145158678311133,0.9866666666666667,0.9868421052631579,5.422543449661026,0.03839938201133252,0.009728615276561194,31,16.45487889719882,True
188,0.03153745072273325,0.08214742769888508,0.05797787200482644,0.024169555694058643,0.9888888888888889,0.07583381327879958,0.05166425758474094,0.024169555694058643,0.9866666666666667,0.9868421052631579,5.812900492753212,0.03800991521580307,0.0023242091299036215,29,16.46949227823614,False
189,0.031413612565445025,0.08231555268020843,0.058096630351249644,0.024218922328958788,0.9855555555555555,0.07478552419408446,0.050566601865125675,0.024218922328958788,0.9866666666666667,0.9868421052631579,5.3166621552055116,0.038163555123417146,0.005483248613502304,31,16.48425651288097,False
190,0.03129074315514994,0.08212317896482887,0.057875279235317,0.024247899729511874,0.9877777777777778,0.07649578678747122,0.05224788705795935,0.024247899729511874,0.9866666666666667,0.9868421052631579,5.264519787724606,0.0383746185630191,0.008772334410105718,30,16.49852841851152,False
191,0.031168831168831165,0.08217369839849967,0.057883735319748504,0.024289963078751167,0.9877777777777778,0.07677045296742667,0.052480489888675506,0.024289963078751167,0.9866666666666667,0.9868421052631579,5.069785976897234,0.0378991013621206,0.006484474145892997,30,16.513259802581914,False
192,0.031047865459249677,0.08331991915654471,0.05895815062839661,0.024361768528148097,0.9833333333333333,0.07396140033110175,0.04959963180295365,0.024361768528148097,0.99,0.99009900990099,5.231058834637411,0.037436910350921095,0.0035171762546447882,32,16.525679627283747,False
193,0.030927835051546393,0.08224056579161426,0.05785208112484793,0.024388484666766328,0.9877777777777778,0.07412092214789637,0.049732437481130036,0.024388484666766328,0.9866666666666667,0.9868421052631579,6.064772783903558,0.038852081691332085,0.002052642052294452,31,16.53740980346584,False
194,0.030808729139922976,0.08169792170351273,0.05728492247517622,0.024412999228336507,0.9877777777777778,0.07515106724035076,0.05073806801201424,0.024412999228336507,0.9866666666666667,0.9868421052631579,5.631061920726947,0.03817812711255547,0.002072044490316743,32,16.55065859823869,False
195,0.030690537084398978,0.08291983179594731,0.058491858677989055,0.024427973117958246,0.9844444444444445,0.07852091820025653,0.05409294508229828,0.024427973117958246,0.9866666666666667,0.9868421052631579,5.341118509708203,0.037835916544246256,0.008889316729743661,28,16.564375866854284,False
196,0.030573248407643312,0.08205555257692196,0.05754945272856197,0.024506099848359983,0.9866666666666667,0.07391592167065042,0.049409821822290444,0.024506099848359983,0.9866666666666667,0.9868421052631579,5.412988708412621,0.03755662684870891,0.004967235092353122,28,16.577045615569,False
197,0.03045685279187817,0.08246028705512518,0.05790474237612801,0.02455554467899717,0.9844444444444445,0.07330275973805105,0.048747215059053876,0.02455554467899717,0.99,0.99009900990099,5.413895031473461,0.037584293667188955,0.00571055291289498,29,16.59084585729178,True
198,0.03034134007585335,0.0817585573387837,0.057185251707077764,0.024573305631705938,0.9866666666666667,0.07518778303024115,0.05061447739853521,0.024573305631705938,0.9866666666666667,0.9868421052631579,6.054529380685122,0.03829408265299467,0.007529272097697826,33,16.603589981197278,False
199,0.030226700251889168,0.0832854828906805,0.0587007910310605,0.024584691859620002,0.9833333333333333,0.07890107227135891,0.054316380411738904,0.024584691859620002,0.9833333333333333,0.9836065573770492,5.643412086540198,0.03760299692054444,0.013656947325682832,30,16.616758700614103,False
200,0.030112923462986198,0.08177999187243529,0.05713835604514172,0.024641635827293576,0.9866666666666667,0.07623684332524056,0.051595207497946986,0.024641635827293576,0.9866666666666667,0.9868421052631579,6.13864288182601,0.038342888281883106,0.006741210440695212,33,16.629271549706566,False
201,0.03,0.08161284076278977,0.05692836987388265,0.024684470888907115,0.9888888888888889,0.0757452424514164,0.05106077156250928,0.024684470888907115,0.9866666666666667,0.9868421052631579,5.592869184634303,0.037519754244808246,0.0071888681714646725,30,16.64302302533078,False
202,0.029887920298879204,0.08132750698753363,0.05659541283926966,0.024732094148263974,0.9877777777777778,0.07438620566402787,0.0496541115157639,0.024732094148263974,0.9866666666666667,0.9868421052631579,5.566960271130107,0.03702237098773037,0.010704676778732946,35,16.65509500905792,False
203,0.029776674937965264,0.08241715929858079,0.05766524360017264,0.024751915698408154,0.9844444444444445,0.0772632912988329,0.05251137560042475,0.024751915698408154,0.9866666666666667,0.9868421052631579,5.24236161573138,0.037445258953896374,0.003687943758162513,26,16.66749020328299,False
204,0.029666254635352288,0.08133144032382766,0.05653268817405675,0.024798752149770904,0.9877777777777778,0.07481438598809848,0.050015633838327564,0.024798752149770904,0.9866666666666667,0.9868421052631579,5.728452928404458,0.03762296121684555,0.006049419527085069,34,16.679018422847996,False
205,0.029556650246305414,0.08261099307854233,0.05778397013746913,0.02482702294107321,0.9866666666666667,0.07761313824457299,0.052786115303499775,0.02482702294107321,0.9866666666666667,0.9868421052631579,4.763868539280051,0.03690668897762578,0.009191126654566603,31,16.6920149658577,False
206,0.0294478527607362,0.08125292570526145,0.05637613929991741,0.02487678640534404,0.9877777777777778,0.0740494852890348,0.049172698883690746,0.02487678640534404,0.9866666666666667,0.9868421052631579,6.458997395431092,0.037925178242625875,0.00934404375895961,31,16.703178721896577,False
207,0.029339853300733496,0.08224018839307679,0.057346297081578,0.024893891311498783,0.9866666666666667,0.07748760431948795,0.05259371300798917,0.024893891311498783,0.9833333333333333,0.9836065573770492,5.4453337494256076,0.037327092227337065,0.004704194797762213,30,16.715725107176887,False
208,0.029232643118148594,0.08125334594525635,0.05630573287502472,0.02494761307023163,0.9877777777777778,0.07462233005659727,0.049674716986365636,0.02494761307023163,0.9866666666666667,0.9868421052631579,5.439212520404961,0.03732281845997598,0.011316820671189196,31,16.727451016885567,False
209,0.029126213592233007,0.08124538140382663,0.05625200500282589,0.024993376401000734,0.9877777777777778,0.07409183318127675,0.049098456780276016,0.024993376401000734,0.9866666666666667,0.9868421052631579,5.231992263936636,0.037014397085999864,0.0042607002908564605,33,16.739927117224088,False
210,0.02902055622732769,0.0813757180469552,0.05635736340490387,0.02501835464205134,0.9866666666666667,0.07515760190711258,0.05013924726506125,0.02501835464205134,0.9866666666666667,0.9868421052631579,5.13730120256951,0.03706306042865947,0.008601061355617862,31,16.751545251842128,False
211,0.028915662650602407,0.08144164150881249,0.056389415100170766,0.025052226408641725,0.9866666666666667,0.07564000792143326,0.05058778151279154,0.025052226408641725,0.9866666666666667,0.9868421052631579,5.385222936302118,0.03717092420624766,0.004374741336617442,29,16.763683768606736,False
212,0.028811524609843937,0.08149435676697872,0.05640932981951349,0.025085026947465235,0.9866666666666667,0.07569649049681357,0.05061146354934834,0.025085026947465235,0.9866666666666667,0.9868421052631579,5.407053248394156,0.03693389205256819,0.005690464046779006,34,16.77536075974008,False
213,0.028708133971291867,0.08108564133308432,0.055953401947225395,0.025132239385858932,0.9888888888888889,0.0735760650357862,0.048443825649927275,0.025132239385858932,0.9866666666666667,0.9868421052631579,5.503649165721457,0.03670122819086791,0.006364413815251569,30,16.785610669155034,False
214,0.028605482717520857,0.08140252996574782,0.05622924308520932,0.025173286880538506,0.9877777777777778,0.07366543423963738,0.048492147359098875,0.025173286880538506,0.99,0.99009900990099,4.661996440779394,0.03682585778524653,0.006034726074577844,30,16.798517498582367,False
215,0.02850356294536817,0.08170286366998636,0.056503362599516604,0.02519950107046976,0.9833333333333333,0.07552081201232733,0.05032131094185757,0.02519950107046976,0.9866666666666667,0.9868421052631579,4.975423610285937,0.03732731469840972,0.005955014878867114,30,16.8103529346292,False
216,0.028402366863905328,0.08135090147612686,0.05610106454845188,0.02524983692767498,0.9855555555555555,0.07296510448807424,0.047715267560399253,0.02524983692767498,0.99,0.99009900990099,5.282502027693725,0.03665312193427481,0.007610485232774184,33,16.82172044391526,False
217,0.028301886792452827,0.08274793908028018,0.05744664584553891,0.025301293234741274,0.9844444444444445,0.07305564006380504,0.047754346829063765,0.025301293234741274,0.9933333333333333,0.9933333333333333,5.295885335384196,0.03663098371853944,0.005390077646308815,28,16.834572312565797,False
218,0.0282021151586369,0.08081866989155619,0.05550802633476301,0.02531064355679317,0.9888888888888889,0.07383454443340369,0.048523900876610515,0.02531064355679317,0.9866666666666667,0.9868421052631579,5.857163557865071,0.03668448707896184,0.003347857896977871,33,16.84413395859755,False
219,0.028103044496487123,0.0809810737223542,0.0556350630287325,0.0253460106936217,0.9888888888888889,0.07414643161947077,0.04880042092584906,0.0253460106936217,0.9866666666666667,0.9868421052631579,5.160943575218295,0.03622894088748956,0.007653282581089193,31,16.856197742213144,False
220,0.028004667444574093,0.0809883981017851,0.05561577510861238,0.025372622993172715,0.9888888888888889,0.0750773219737003,0.04970469898052759,0.025372622993172715,0.9866666666666667,0.9868421052631579,4.812686261866024,0.03637535504217457,0.0059111518472390245,32,16.86981962336081,False
